suppliername,supplierid,licensestartdate,licenseexpiredate,addressline1,addressline2,city,state,zipcode
"VETERANS CHOICE MEDICAL EQUIPMENT, LLC.",20226001119,2025-10-30,10/30/2026,38 E. Owen Rd,Unit 1,Durango,FL,81301
"A BETTER WALKER, LLC",20216000486,2025-05-28,05/28/2026,1905 W 8th St #112,,Loveland,CO,80537
"ABC HOME MEDICAL SUPPLY, INC.",20166000471,2025-06-27,06/27/2026,7302 S. Alton Way,Suite 4-K,Centennial,CO,80112-2313
"ABC HOME MEDICAL SUPPLY, INC.",20246000378,2025-04-18,04/18/2026,1720 N Greenville Ave,,Richardson,TX,750811808
ABILITIES UNLIMITED INC,20166000251,2025-03-14,03/14/2026,"1330 Inverness Drive, Suite 160",,Colorado Springs,CO,80910
ABILITIES UNLIMITED OF DENVER LLC,20166000252,2025-03-14,03/14/2026,"4105 E. Florida Ave., Suite 301",Suite 301,Denver,IN,80222
ACTION SEATING & MOBILITY,20246000344,2025-04-05,04/05/2026,788 W 8th Ave,,Denver,CO,80204
"ACTIVE PHASE SPINAL THERAPIES, PC   DBA: SPINE & INJURY CENTER OF GRAND JUNCTION",20156000133,2025-02-05,02/05/2026,2646 Patterson Rd,Suite A,Grand Junction,CO,81506
"ADAPTEC PROSTHETICS, LLC",20156000173,2025-04-29,04/29/2026,1501 West Campus Drive,Suite K,Littleton,CO,80120
"ADVANCED MEDICAL SOLUTIONS, INC",20156000080,2025-01-16,01/16/2026,2232 NORTH WAHSATCH AVE,,Colorado Springs,CO,80907
"ADVANCED MEDICAL SOLUTIONS, INC",20246000646,2025-07-02,07/02/2026,230 W 6th Ave,,Denver,CO,80204
"ADVANCED PHARMACY SERVICES, LLC",20156000901,2025-02-04,02/04/2026,237 S. 7th St,,Grand Junction,CO,81501
APRIA HEALTHCARE LLC,20146000554,2024-12-24,12/24/2025,420 W 67th Street,,Loveland,AZ,80538
"AEROFLOW, INC",20156000204,2025-01-24,01/24/2026,65 Beale Road,,Arden,NC,28704
"AEROFLOW, INC",20246001523,2024-12-12,12/12/2025,"10020 South Mingo Road, Suite A",,Tulsa,OK,74133
"AEROFLOW, INC",20246001544,2024-12-17,12/17/2025,6 Commerce Way,,Arden,NC,28704
AFFORDABLE HYPERBARIC SOLUTIONS LLC,20246000719,2025-07-23,07/23/2026,7598 county road 5,optional,Longmont,CO,80504
ALLIANCE MEDICAL SUPPLY LLC,20256000328,2025-03-18,03/18/2026,"9725 E. Hampden Avenue, Suite 102B",,Denver,CO,80231
APRIA HEALTHCARE LLC,20146000555,2024-12-24,12/24/2025,1005 West 6th Street,,Pueblo,AZ,81003
ALTITUDE DERMATOLOGY,20256000628,2025-06-05,06/05/2026,4795 Larimer Pkwy,Unit 150,Johnstown,CO,80534
AMERICAN HOMEPATIENT,20146000566,2024-12-30,12/30/2025,19387 US Highway 19 N,,Clearwater,FL,33764
"AMERITA, INC.",20156000141,2025-01-30,01/30/2026,7307 South Revere PKY,STE 200,Centennial,CO,80112
"AMERITA, INC.",20156000142,2025-01-30,01/30/2026,2270 Garden of the Gods Rd.,STE 102,Colorado Springs,CO,80907
"ADAPTHEALTH WEST, LLC DBA ADAPTHEALTH",20146000528,2024-12-22,12/22/2025,500 W US HIGHWAY 50,STE 102,GUNNISON,CO,81230-3937
"LIFESURE, LLC",20246001309,2025-10-31,10/31/2026,3151 EXECUTIVE WAY,SUITE 2B,MIRAMAR,OH,33025
WALGREENS #10371,20156000755,2025-08-28,08/28/2026,2701 Main Ave,,Durango,CO,81301
ROCKY MT MEDICAL SOLUTIONS LLC,20256001359,2025-11-03,11/03/2026,6795 E TENNESSEE AVE,STE 427,DENVER,CO,80224
ARTHEON MEDICAL,20226001230,2024-12-11,12/11/2025,1107 E Jackson Street,206,Tampa,FL,33602
ARVADA PHARMACY AND MEDICAL SUPPLY,20196000238,2025-03-14,03/14/2026,10382 RALSTON RD,,ARVADA,CO,80004
ARVADA SPORT AND SPINE GROUP,20216000074,2025-01-19,01/19/2026,12189 W 64 Ave STE 102,,Arvada,CO,80004
ASCENT RESPIRATORY CARE,20146000580,2025-01-06,01/06/2026,14 Inverness Drive East,C-100,Englewood,CO,80112
AUDUBON ORTHOTIC & PROSTHETIC SERVICES,20156000131,2025-01-28,01/28/2026,4110 Briargate Parkway ste. 300,,Colorado Springs,CO,80920
BANNER HOME MEDICAL EQUIPMENT,20146000562,2024-12-30,12/30/2025,1990 59th Ave,Suite 300,Greeley,CO,80634
NOVOCURE INC.,20176000808,2025-08-28,08/28/2026,702 West Drake Rd,Market Centre Prof Park,Fort Collins,NH,80526
BEE LINE MEDICAL SUPPLY,20196000339,2025-02-08,02/08/2026,10050 Ralston Rd,#4,Arvada,CO,80004
GOLDEN HEALTH SOLUTIONS LLC,20256001356,2025-11-03,11/03/2026,6795 E TENNESSEE AVE,STE 419,DENVER,CO,80224
"BREG, INC.",20166000101,2025-01-19,01/19/2026,2452 S. Trenton Way,Unit C,Denver,CO,80231
PEAK HEALTH SOLUTIONS LLC,20256001358,2025-11-03,11/03/2026,6795 E TENNESSEE AVE,STE 640,DENVER,CO,80224
MOUNTAINS MEDICAL SOLUTIONS LLC,20256001357,2025-11-03,11/03/2026,6825 E TENNESSEE AVE,STE 102,DENVER,CO,80224
ASPEN MEDICAL SUPPLY LLC,20256001354,2025-11-03,11/03/2026,6795 E TENNESSEE AVE,STE 607,DENVER,CO,80224
SUNRISE COMMUNITY HEALTH,20236001104,2025-11-03,11/03/2026,2930 11th Avenue,,Evans,CO,80620
COLORADO CARE EQUIPMENT LLC,20256001355,2025-11-03,11/03/2026,6795 E TENNESSEE AVE,STE 610,DENVER,CO,80224
BRIDGEWATER HEALTH SUPPLIES LLC,20246000686,2025-07-12,07/12/2026,116A South Street,,OYSTER BAY,NY,11771
BSCO LLC,20246000566,2025-06-30,06/30/2026,9540 E. Jewell Ave,Suite B,Denver,FL,80247
ALPINE MEDICAL DEVICES LLC,20256001353,2025-11-03,11/03/2026,6795 E TENNESSEE AVE,Ste 411,Denver,CO,80224
"NEUROTECH NA, INC",20166000940,2025-11-09,11/09/2026,11220 Assett Loop,Suite 210,Manassas,VA,20109-7914
"BYRAM HEALTHCARE CENTERS, INC.",20176000301,2025-04-14,04/14/2026,1340 Storm Parkway,,Torrance,CA,90501
"BYRAM HEALTHCARE CENTERS, INC.",20176000386,2025-05-18,05/18/2026,10830 N Central Expy,Suite 152,Dallas,TX,75231
"CARDIO PARTNERS, INC.",20256000569,2025-05-23,05/23/2026,1033 COLLINS RD,SUITE B,GREENWOOD,IN,46143
"CAROLINA 2 COLORADO MEDICAL SOLUTIONS, COLORADO MEDICAL SOLUTIONS, CAROLINA MEDICAL SOLUTIONS LLC",20156000325,2025-01-07,01/07/2026,"1257 LAKE PLAZA DR, SUITE 130",,Colorado Springs,CO,80906
CENTENNIAL MED SUPPLY LLC,20246000440,2025-05-02,05/02/2026,1805 S Bellaire St,STE 480-01,Denver,CO,80222
CJ PHARMACY SERVICES LLC,20186000083,2025-02-01,02/01/2026,422 Main Street,,Sterling,CO,80751
"CLOUD CITY MEDICAL, INC",20226001309,2024-12-20,12/20/2025,331 US Hwy 24,,Leadville,CO,80461
COLORADO MEDICAL SUPPLIES LLC,20196000330,2025-05-06,05/06/2026,15 W Dry Creek Cir,Suite 222,Littleton,CO,80120
"COLORADO ORTHOTIC & PROSTHETIC SERVICE, LLC DBA EVERGREEN PROSTHETICS AND ORTHOTICS",20246000424,2025-05-01,05/01/2026,128 W 5th Ave,,Denver,CO,80204
"COLUMBINE MEDICAL EQUIPMENT, INC",20156000322,2025-06-06,06/06/2026,802 W. Drake Rd #123,Suite 123,Fort Collins,CO,80526
WALGREENS #10739,20156000760,2025-08-28,08/28/2026,15310 E Colfax Ave,,Aurora,CO,80011
WALGREENS #15022,20156000788,2025-08-28,08/28/2026,1440 Pine Grove Rd,,Steamboat Springs,IL,80487
"CORAM ALTERNATE SITE SERVICES, INC. DBA CORAM CVS/SPECIALTY INFUSION SERVICES",20146000486,2025-03-28,03/28/2026,1550 Wewatta Street,,Denver,RI,80202-6299
"CPAP SUPPLY USA LLC, WHOLLY OWNED SUBSIDIARY OF AND COMMONLY OWNED WITH LINCARE INC.",20176000338,2025-05-09,05/09/2026,720 Moorefield Park Drive,Ste 302,North Chesterfield,VA,23236
CREATIVE CUSTOM FOOT ORTHOTICS,20226000500,2025-05-25,05/25/2026,5500 E. Yale Ave.  Ste. 110,,Denver,CO,80222
DE LA SHEY CORPORATION,20246000776,2025-08-01,08/01/2026,14099 E. Exposition Ave,,Aurora,CO,80012
"DEGC ENTERPRISES (U.S.), INC. DBA CCS MEDICAL",20216000257,2025-03-08,03/08/2026,6655 W Jewell Ave,Suite 218,Lakewood,CO,80232
"VETERANS CHOICE MEDICAL EQUIPMENT, LLC.",20236000891,2025-08-29,08/29/2026,27 N. Harrison St.,,Cortez,CO,81321
DENISE V LYONS,20216001216,2025-02-06,02/06/2026,3425 E. 28th Ave.,,Denver,CO,80205
DME OF COLORADO LLC,20246000733,2025-07-30,07/30/2026,13770 E Rice Pl Office No. N3,,Aurora,CO,80015
DME SOLUTIONS MEDICAL SUPPLY,20256000464,2025-04-27,04/27/2026,4394 S hoyt st,,littleton,CO,80123
"DME SUPPLY USA LLC, WHOLLY OWNED SUBSIDIARY OF AND COMMONLY OWNED WITH LINCARE INC.",20176000246,2025-04-03,04/03/2026,720 Moorefield Park Drive,Suite 202,North Chesterfield,VA,23236
"DON PAUL RESPIRATORY SERVICES, INC.  DBA: DON PAUL RESPIRATORY SERVICES",20156000130,2025-01-28,01/28/2026,"515 E. Burlington Avenue, Suite B",,Ft. Morgan,CO,80701
DOWNTOWN'S HEALTHCARE,20206000545,2024-12-10,12/10/2025,9660 Ralston Road,,Arvada,CO,80004
EASE-E MEDICAL INC,20146000559,2025-01-05,01/05/2026,731 S 8th St,,Canon City,CO,81212
"ELECTROSTIM MEDICAL SERVICES, INC.",20156000185,2025-02-09,02/09/2026,1808 Woodmoor Dr,Suite 130,Monument,CO,80132
"ELEVATION MEDICAL SUPPLY, LLC",20166001188,2024-12-13,12/13/2025,140 Talamine Ct,,Colorado Springs,CO,80907
WALGREENS SPECIALTY PHARMACY #12805,20156000782,2025-08-28,08/28/2026,499 E Hampden Ave Suite 150,,Englewood,IL,80113
FAMILY HEALTH WEST DURABLE MEDICAL EQUIPMENT,20226000017,2025-01-04,01/04/2026,228 N Cherry Street,,Fruita,CO,81521
FAMILY MEDICAL SUPPLY,20146000551,2024-12-24,12/24/2025,14241 E 4th AVE,STE 150,Aurora,CO,80011
"FORESTER FAMILY MEDICAL SUPPLY, INC.",20246000227,2025-03-07,03/07/2026,4061 S Eliot Street,,Englewood,CO,80110
"FOUNDERS HEALTHCARE, LLC DBA PREFERRED HOMECARE",20156000021,2025-01-14,01/14/2026,6900 W Jefferson Avenue,Suite 125,Lakewood,CO,80235-2002
WALGREENS #12769,20156000781,2025-08-28,08/28/2026,265 West Highway 105,Post Office Box 3296,Monument,IL,80132
FREEDOM O2 INC,20246000069,2025-02-26,02/26/2026,10730 E Bethany Dr,ste 240,Aurora,CO,80014
FRIENDS WITH DISABILITIES LLC DBA FWD MOBILITY,20216000369,2025-04-13,04/13/2026,13900 E Florida Ave,Suite D,Aurora,CO,80012
APRIA HEALTHCARE LLC,20156000041,2025-01-08,01/08/2026,7353 Company Dr.,,Indianapolis,AZ,46237
G & G MEDICAL,20156000119,2025-01-28,01/28/2026,90 E 1st Street,Unit 3,Craig,CO,81625
G & G MEDICAL,20156000120,2025-01-28,01/28/2026,739 Kimball Street,,Grand Junction,CO,81501
"G & G MEDICAL, INC.  DBA: A-MED SUPPLY",20156000121,2025-01-28,01/28/2026,38 E. Owen Rd.,Unit 1,Durango,CO,81301
"G & G MEDICAL, INC.  DBA: A-MED SUPPLY",20156000126,2025-01-28,01/28/2026,27 North Harrison Street,,Cortez,CO,81321
"CERTIFIED PROSTHETICS & ORTHOTICS, LLC",20196000105,2025-11-12,11/12/2026,1620 25th Avenue,Suite A,Greeley,CO,80634
"CERTIFIED REHAB SERVICES, INC.",20156000881,2025-11-12,11/12/2026,2415 E Mulberry St,Apt 7,Fort Collins,CO,80524
GENX MEDICAL EQUIPMENT & SUPPLY INC.,20256000309,2025-03-13,03/13/2026,1900 E Pikes Peak Ave #2,,Colorado Springs,CO,80909
GLD CORP,20256000170,2025-02-07,02/07/2026,10371 Parkglenn Way Suite 290,,Parker,CO,80138
GOLDEN GATE MEDICAL SUPPLY,20216000467,2025-05-12,05/12/2026,612 S Union Ave,,Pueblo,CO,81004
GRACE MEDICAL INC.,20166000354,2025-05-06,05/06/2026,355 South Teller Street,Ste 200,Lakewood,CO,80226
GRACE MEDICAL SUPPLY CORP,20216000176,2025-02-28,02/28/2026,8753 Yates Drive,Suite 101,Westminster,CO,80031
"HANGER PROSTHETICS & ORTHOTICS WEST, INC.",20156000232,2025-02-23,02/23/2026,1300 South Potomac Street,,Aurora,CO,80012-6166
"HANGER PROSTHETICS & ORTHOTICS, INC.",20216000198,2025-02-23,02/23/2026,4105 Briargate Parkway,Ste 110,Colorado Springs,CO,80920-3482
ANTON MEDICAL SUPPLIES,20216001195,2025-11-13,11/13/2026,15401 W 9th Ave,,Golden,CO,80401
HARTMAN BROTHERS INC,20156000216,2025-02-13,02/13/2026,531 E Main ST,,Montrose,CO,81401
HEALTHCARE HD LLC,20246000709,2025-07-18,07/18/2026,1281 SAN CHRISTOPHER DR,,DUNEDIN,FL,34698
"HEALTHROM, INC",20246000455,2025-05-08,05/08/2026,"101 Silvermine Rd, Ste 200",,Brookfield,CT,06804
HIGH COUNTRY GAS & SUPPLY INC.,20246001461,2024-12-20,12/20/2025,1039 pitkin avenue,,grand junction,CO,81501
HIGH COUNTRY OXYGEN,20236000803,2025-07-31,07/31/2026,235 S Ridge St #1B,,Breckenridge,CO,80424
HIGH PLAINS MEDICAL LLC,20236001309,2024-12-28,12/28/2025,914 11th Ave,,Greeley,CO,80631
"HORIZON PROSTHETICS, LLC",20156000418,2025-05-13,05/13/2026,9360 Station St,Suite 325,Lone Tree,CO,80124
"IMS EXPERTS, LLC",20256000981,2025-07-28,07/28/2026,1696 Country Club Drive,,Mansfield,TX,76063
INOGEN INC,20146000633,2025-01-05,01/05/2026,2600 S Parker Rd,Suite 5-151,Aurora,TX,80014
"INTEGRITY MEDICAL, LLC",20256000572,2025-05-27,05/27/2026,1580 N. Logan St.,Ste 520,Denver,CO,80203
INTERMOUNTAIN SPECIALTY PHARMACY - DENVER,20256000836,2025-07-16,07/16/2026,1830 N Franklin Street,STE 190,Denver,CO,80218
J&B MEDICAL SUPPLY CO INC,20206000489,2025-05-26,05/26/2026,50496 W. Pontiac Trail,,Wixom,MI,48393
"J. K. TRAINER, INC. DBA SEE THE TRAINER-COLORADO",20236000093,2025-01-28,01/28/2026,109 N 9TH ST,PO BOX 188,KREMMLING,CO,80459
"JOERNS HEALTHCARE, LLC",20226000577,2025-06-17,06/17/2026,2430 Whitehall Park Drive,Suite 700,Charlotte,NC,28273
"KCI USA, INC. DBA SOLVENTUM ADVANCED WOUND CARE",20156000063,2025-01-15,01/15/2026,1500 W. Hampden Ave.,Suite 5E,Sheridan,CO,80110-2075
"KCI USA, INC. DBA SOLVENTUM ADVANCED WOUND CARE",20156000064,2025-01-15,01/15/2026,11601 Pellicano Dr.,Suite B4,El Paso,TX,79936
"KCI USA, INC. DBA SOLVENTUM ADVANCED WOUND CARE",20156000065,2025-01-15,01/15/2026,616 Elkton Drive,,Colorado Springs,CO,80907-3514
"KCI USA, INC. DBA SOLVENTUM ADVANCED WOUND CARE",20156000066,2025-01-15,01/15/2026,2412 E. Randol Mill Rd.,,Arlington,TX,76011
KIDIST AGA,20256000750,2025-07-09,07/09/2026,21165 E 62nd Ave,,Aurora,CO,80019
KYTO INC DBA MOBILITY AND MORE,20236000807,2025-07-28,07/28/2026,493 N Denver Ave,,Loveland,CO,80537
"LANTZ MEDICAL, INC.",20146000488,2024-12-15,12/15/2025,8105 Georgia St,,Merrillville,IN,46410
MEDILOGIX LLC,20176000958,2025-11-10,11/10/2026,"1512 Larimer St, Ste 400",,Denver,CO,80202
LINCARE INC.,20176000427,2025-06-02,06/02/2026,19387 US Highway 19 N,,Clearwater,FL,33764
"LINCARE PHARMACY SERVICES, INC., WHOLLY OWNED SUBSIDIARY OF LINCARE INC.",20156000110,2025-02-24,02/24/2026,19387 US Highway 19 N,,Clearwater,FL,33764
"LITTLE'S LOVING HOME SERVICES, INC.",20166000284,2025-03-26,03/26/2026,14231 E. 4th Ave.,Ste 218,Aurora,CO,80011
LOTT MED LLC,20256000402,2025-05-01,05/01/2026,9700 Research Dr.,Suite 151,Charlotte,NC,28262
WALGREENS #15101,20156000789,2025-08-28,08/28/2026,15 SUN RD,,Avon,IL,81620
"MED-SOUTH, INC",20256000210,2025-02-17,02/17/2026,4505 Hwy 78 E,Ste 100,Jasper,AL,35501
LIFELINE MED SUPPLIES LLC,20246001344,2025-11-12,11/12/2026,685 East Citadel Drive,Suite# 110 E,Colorado Springs,CO,80909
"MEDEQUIP, INC",20216000216,2025-03-08,03/08/2026,40928 Highway 6,Ste 2D,Avon,CA,81620
MEDICAL EQUIPMENT AND SUPPLIES OF AMERICA LLC,20156000258,2025-03-04,03/04/2026,12035 34th Street N,Suite 1,ST PETERSBURG,FL,33716
CORR MEDICAL SOLUTIONS INC.,20226001148,2025-11-12,11/12/2026,4940 S 114th Street,Ste 3,Omaha,NE,68137
"MEDSTAR DIABETIC SUPPLY, LP DBA CCS MEDICAL",20216000254,2025-03-08,03/08/2026,6655 W Jewell Ave,Suite 206,Lakewood,CO,80232
MEDSTUFF INC - DENVER,20146000501,2025-01-19,01/19/2026,7150 Leetsdale Drive Suits 312 & 316,,Denver,CO,80224
MEGA MEDICAL SUPPLY LLC,20226001289,2024-12-17,12/17/2025,1450 South Havana St.,Suite 600,Aurora,CO,80012
MIDTOWN EXPRESS INC.,20186000319,2025-04-23,04/23/2026,20 S Havana Str 203,,aurora,CO,80012
MOMMY & ME CORP.,20256000944,2025-07-22,07/22/2026,4445 NORTHPARK DR,STE 103,COLORADO SPRINGS,CO,80907
MOUNTAIN AIRE MEDICAL SUPPLY INC.,20156000038,2025-01-19,01/19/2026,2490 Patterson Suite 5,,Grand Junction,CO,81505
"MOUNTAIN PEAK ASSOCIATES, LLC",20256000351,2025-03-25,03/25/2026,132 E 13065 S,,Draper,UT,84020
WALGREENS #11101,20156000761,2025-08-28,08/28/2026,7190 E Hampden Ave,,Denver,CO,80224
"MP TOTALCARE SERVICES, INC. DBA CCS MEDICAL",20156000050,2025-01-09,01/09/2026,6655 W Jewell Ave,Suite 214,Lakewood,CO,80232
"MRB ACQUISITION CORP. DBA LINCARE POWERED MOBILITY, WHOLLY OWNED SUBSIDIARY OF AND COMMONLY OWNED WITH LINCARE INC.",20156000108,2025-01-29,01/29/2026,1898 S. Clyde Morris Blvd,Suite 410,Daytona Beach,FL,32119
MURPHY TIME INC.,20156000048,2025-01-23,01/23/2026,1801 Wewatta St.,11th Floor #55,Denver,CO,80202
NATIONAL HME INC.,20226000787,2025-07-22,07/22/2026,7651 Esters Blvd,Suite 125,IRVING,TX,75063
"NATIONAL HME, INC.",20256000393,2025-04-04,04/04/2026,4720 Buckingham Dr.,STE 135,Colorado Springs,CO,80907
NATIONAL MEDICAL SUPPLY,20156000484,2025-05-28,05/28/2026,8021 S. Grant Wy,,Littleton,CO,80122
"NATIONAL SEATING & MOBILITY, INC.",20156000136,2025-01-29,01/29/2026,12503 E Euclid Dr,Suite 60,Centennial,CO,80111
"NATIONAL SEATING & MOBILITY, INC.",20206000483,2025-05-22,05/22/2026,2387 River RD STE 130,,Grand Junction,CO,81505-1350
"NATIONWIDE MEDICAL, INC.",20156000040,2025-01-08,01/08/2026,5150 N. Union Blvd.,,Colorado Springs,CO,80918
"NORTHWEST RESPIRATORY SERVICES, LLC",20236000600,2025-07-11,07/11/2026,3440 Kimball Circle,,Colorado Springs,CO,80910
OMDERA,20226000725,2025-07-17,07/17/2026,17533 East Euclid Ave,Suite 102,Aurora,CO,80016
OMNIS MEDICAL SERVICES LLC,20246000419,2025-04-30,04/30/2026,66 York St Ste 100,,Jersey City,NJ,07302-3838
"ONE SOURCE MEDICAL GROUP, LLC",20226000342,2025-03-31,03/31/2026,13910  Lynmar Blvd,,Tampa,FL,33626
OPEN BIONICS INC,20236000331,2025-04-18,04/18/2026,200 Union Blvd,Suite 440,Lakewood,CO,80228
"OPTIGEN, INC., WHOLLY OWNED SUBSIDIARY OF AND COMMONLY OWNED WITH LINCARE INC.",20156000109,2025-01-29,01/29/2026,1351 13th Ave S.,Suite 100,Jacksonville Beach,FL,32250
"OPTION 1 NUTRITION SOLUTIONS, LLC DBA AVEANNA HEALTHCARE MEDICAL SOLUTIONS",20156000256,2025-03-05,03/05/2026,4990 Nome Street,Suite B,Denver,CO,80239
"OPTION CARE ENTERPRISES, INC.",20156000105,2024-12-28,12/28/2025,"345 INVERNESS DR , SOUTH","BUILDING A, SUITE 140",Englewood,CO,14067
ORTHOFIX US LLC,20156000282,2025-03-09,03/09/2026,3451 Plano Parkway,,Lewisivlle,TX,75056
ORTHOPEDIC SOLUTIONS,20226000129,2025-01-27,01/27/2026,8310 S Valley Hwy. Suite 300,,Englewood,CO,80112
ORTHOTIC PROSTHETIC SOLUTIONS,20156000464,2025-06-14,06/14/2026,1015 Robertson St,,Ft Collins,CO,80524
"OWENS & MINOR DISTRIBUTION, INC.",20216000010,2025-01-05,01/05/2026,437 Tower Blvd.,,Carol Stream,IL,60188
"OXYGEN PLUS, INC.  DBA:  OXYGEN PLUS",20156000129,2025-01-28,01/28/2026,1410 Valley View Drive,Suite 306,Delta,CO,81416
"OXYGEN PLUS, INC. DBA:  SUMMIT RESPIRATORY",20156000100,2025-01-23,01/23/2026,4740 Forge Road,Suite 100 & 102,Colorado Springs,CO,80907
"OXYGEN PLUS, INC. DBA: SUMMIT RESPIRATORY",20226000386,2025-04-14,04/14/2026,"6950 W. Jefferson Ave., Suite #270",,Lakewood,CO,80235
PACIFIC PULMONARY SERVICES,20156000009,2025-01-05,01/05/2026,5616 N Union Blvd,,Colorado Springs,CO,80918-1940
PALMETTO OXYGEN LLC,20186000040,2025-01-19,01/19/2026,4790 OLD YORK RD,Suite A,Rock Hill,SC,29732-8126
"PATIENT'S CHOICE, LLC",20156000219,2025-02-17,02/17/2026,7100 Broadway Bldg 7 Unit I,,Denver,CO,80221
PEAK REHABILITATION OF DENVER LLC,20176000418,2024-12-20,12/20/2025,"16522 Keystone Blvd, Unit N",,Parker,CO,80134
PEAKS MEDICAL SUPPLY,20256000701,2025-06-27,06/27/2026,60 south Havana street,#612,Aurora,CO,80012
PETERSEN MEDICAL,20156000151,2025-02-04,02/04/2026,1108 N Mildred,,Cortez,CO,81321
WALGREENS #11326,20156000766,2025-08-28,08/28/2026,269 Dillon Ridge Road,,Dillion,CO,80435
"PHARMACY SERVICES, INCORPORATED DBA ARKANSAS VALLEY ACCUMED",20246000779,2025-08-02,08/02/2026,226 Main Street,,Ordway,CO,81063
"PHOENIX MEDICAL SUPPLY SPECIALISTS, LLC",20236001208,2024-12-02,12/02/2025,7950 E Mississippi Ave.,Unit D.,Denver,CO,80247
ROCKY MOUNTAIN RESPIRATORY RESOURCE,20156001252,2025-04-21,04/21/2026,11050 SPOTSWOOD TERRACE,,PEYTON,CO,80831
SIZEWISE RENTALS LLC,20156000001,2025-01-04,01/04/2026,204 WEST 2ND PO BOX 320,,Ellis,MN,67637
WALGREENS #10456,20156000757,2025-08-28,08/28/2026,725 W Baptist Rd,,Colorado Springs,CO,80921
PREMIER MEDICAL CORPORATION,20156000220,2025-02-19,02/19/2026,5055 E. 48th Ave.,,Denver,CO,80216
PROSTHETIC & ORTHOTIC GROUP CENTRAL COLORADO LLC,20246000137,2025-02-02,02/02/2026,28350 County Road 317,Unit 8,Buena Vista,CO,81211-9261
QAYSSAR ALSHAWI,20256001424,2025-11-17,11/17/2026,7435 S Norfolk St,,Aurora,CO,80016
PROSTHETIC & ORTHOTIC GROUP PEDIATRIC SPECIALISTS DBA OP SPECIALTY BRACING,20256000594,2025-06-02,06/02/2026,386 Norfolk St,,Aurora,CO,80011
PURE CRANIAL CREATIONS LLC,20256000076,2025-01-15,01/15/2026,4892 Dearborn St,,Denver,CO,80239
"PVHS HOME MEDICAL SUPPLY LLC, DBA MAJOR MEDICAL",20146000518,2024-12-22,12/22/2025,1420 Riverside Ave,Suite 108,Fort Collins,CO,80524
MANUEL ENTERPRISES INC. DBA NEPENTHE HOME MEDICAL EQUIPMENT,20246001406,2025-11-19,11/19/2026,779 Seedling Ct,,Colorado Springs,CO,80915
QUALITY MEDICAL SUPPLIES LLC,20236000231,2025-04-09,04/09/2026,7360 McLaughlin Rd,,Peyton,CO,80831
"QUANTUM MEDICAL SUPPLY, INC",20226000228,2025-02-22,02/22/2026,1818 S Australian Ave,Suite 301,West Palm Beach,FL,33409
RANDY L SMITH DBA C&R MEDICAL,20176000794,2025-02-10,02/10/2026,2908 SE loop 820,,Fort Worth,TX,76140
NORCO INC,20256001418,2025-11-17,11/17/2026,1108 N Mildred Rd,,Cortez,CO,81321
RCC MEDICAL SUPPLY/DBA FORMA BELLA BOUTIQUE,20156000269,2025-03-05,03/05/2026,3109 35th Ave Ste C,,Greeley,CO,80634
"REBOUND RESTORATIVE PROSTHETICS, INC",20156000125,2025-01-31,01/31/2026,1664 North Lafayette Street,,Denver,CO,80218
RED ROCK MEDICAL SUPPLY,20216001367,2024-12-13,12/13/2025,5885 E 45th Ave,STE C-308,Denver,CO,80216-3311
"REHAB MEDICAL OF SALT LAKE, LLC",20236000421,2025-03-12,03/12/2026,3750 Priority Way South Drive,,Indianapolis,IN,46240
RELIABLE MEDICAL SOLUTIONS,20216000312,2025-03-10,03/10/2026,2842 Janitell Rd,Suite C,Colorado springs,CO,80906
RESPIRONICS COLORADO INC,20146000491,2024-12-18,12/18/2025,9945 Federal Dr,Unit 190,Colorado Springs,CO,80921
"RGH ENTERPRISES, LLC.",20156000297,2025-03-12,03/12/2026,8440 Concord Center Drive,Suite 101,Englewood,OH,80112
RIDER MOBILITY INC.,20246000565,2025-06-06,06/06/2026,7270 Gilpin Way,Suite 260,Denver,CO,80229
ROBERTS HOME MEDICAL LLC,20196001175,2024-12-07,12/07/2025,20465 Seneca Meadows Parkway,,Germantown,MD,20876-7005
WALGREENS #10307,20156000751,2025-08-28,08/28/2026,240 W Park Dr,,Deerfield,CO,60015
"ROCKY MOUNTAIN MEDICAL EQUIPMENT INC., DBA MAJOR MEDICAL",20146000520,2024-12-22,12/22/2025,3245 South Wadsworth Blvd.,,Lakewood,CO,80227
"ROCKY MOUNTAIN MEDICAL EQUIPMENT LLC, DBA MAJOR MEDICAL",20146000514,2024-12-22,12/22/2025,"655 S Sunset, Unit E & G",,Longmont,CO,80501
WALGREENS #11477,20156000769,2025-08-28,08/28/2026,4470 Royal Pine Drive,,Colorado Springs,CO,80920
WALGREENS #10455,20156000756,2025-08-28,08/28/2026,2281 E Arapahoe Rd,,Centennial,CO,80122
ROTECH,20226000824,2025-08-02,08/02/2026,"7352 Greenridge Road, Unit A6 & A7",,Windsor,CO,80550
"ROTH MEDICAL, INC.   DBA: ROTH MEDICAL",20156000123,2025-01-28,01/28/2026,960 West 124th Avenue,Suite 300,Westminster,CO,80234
"ROTH MEDICAL, INC.   DBA: ROTH MEDICAL",20156000124,2025-01-28,01/28/2026,225 North Lemay Avenue,Suite 3,Fort Collins,CO,80524
"ROTH MEDICAL, INC.  DBA:  ROTECH",20156000122,2025-01-28,01/28/2026,"177 Craft Dr., Suite 104",,Alamosa,CO,81101
"ROTH MEDICAL, INC. DBA:  SUMMIT RESPIRATORY",20156000102,2025-01-23,01/23/2026,4715 Town Center Drive,Suites A & B,Colorado Springs,CO,80916
"ROTH MEDICAL, INC. DBA: ROTH MEDICAL",20246000059,2025-01-16,01/16/2026,"1019 N. Erie Avenue, Bldg #5",,Pueblo,CO,81001
WALGREENS #10308,20156000752,2025-08-26,08/26/2026,1300 14th St SW,,Loveland,CO,80537
"ROTH MEDICAL, INC. DBA: SUMMIT RESPIRATORY",20156000101,2025-01-23,01/23/2026,9540 E. Jewell Ave.,Suite C,Denver,CO,80247
ROTHALL INC,20156000024,2025-01-11,01/11/2026,1951 Lake Ave,,Pueblo,CO,81004
"SAM'S EAST, INC.",20156000176,2025-02-06,02/06/2026,708 SW 8th St.,MS 0500,Bentonville,AR,72716-0500
"SAM'S WEST, INC.",20156000178,2025-02-06,02/06/2026,702 SW 8th St MS 0500,,Bentonville,AR,72716-0500
SAN JUAN HAND THERAPY INC,20246000546,2025-05-30,05/30/2026,"575 Rivergate Lane, Suite 108",,Durango,CO,81301
SCLP COMMUNITY FOOT AND ANKLE CLINIC,20206000012,2025-05-01,05/01/2026,11900 Grant St,Ste 220,Northglenn,CO,80233
SDLMEDICALSUPPLYLLC,20206000272,2025-07-22,07/22/2026,1924 Wadsworth Blvd,Suite / Apt #,Lakewood,CO,80214
SELAH MOUNTAIN PHARMACY,20236000554,2025-06-30,06/30/2026,426 Pagosa Street,PO Box 5949,Pagosa Springs,CO,81147
SENIOR CARE SERVICE DBA ACTIVSTYLE,20146000581,2024-12-31,12/31/2025,565 S Commercial Dr,,Grand Junction,CO,81505-6900
"SHALOM FAMILY,INC",20256000662,2025-06-17,06/17/2026,"15057 E. Colfax Ave, unit C",,Aurora,CO,80011
SHIELD DENVER HEALTH CARE INC.,20146000506,2024-12-22,12/22/2025,2450 Airport Blvd,Unit H,Aurora,CO,80011
SLEEP BETTER APNEA THERAPY,20246000428,2025-05-14,05/14/2026,1933 28th St,ste 204,Boulder,CO,80301
SLEEP CENTRAL,20216000323,2025-03-30,03/30/2026,104 Max Hurt Drive,,Murray,KY,42071
"SLEEP DATA HOLDINGS, LLC, DBA BETTERNIGHT",20216000341,2025-04-02,04/02/2026,1421 South Potomac Street,Suite 230,Aurora,CO,80012
SLEEP MANAGEMENT LLC DBA VIEMED,20196000119,2025-01-31,01/31/2026,"100 Fillmore St.  Suites 544, 545, and 546",,Denver,CO,80206
SLEEP RX LLC,20156000049,2025-01-08,01/08/2026,5150 N. Union Blvd,Suite 103B,Colorado Springs,CO,80918
SLEEP THERAPEUTICS LLC DBA COLORADO SLEEP INSTITUTE DME,20146000512,2025-01-13,01/13/2026,4895 Riverbend Rd,Suite B,Boulder,CO,80301
"SLEEP THERAPEUTICS, LLC DBA REBIS HEALTH DME",20256000512,2025-05-07,05/07/2026,1630 Dry Creek Drive,Suite 200,Longmont,CO,80503
SOL CURA LLC,20256000768,2025-07-14,07/14/2026,10200 W 44th Ave,,Wheat Ridge,CO,80033
"MEDCO PROFESSIONAL SERVICES, CORP.",20246001420,2025-11-22,11/22/2026,161 E. Plum St,Ste. 119,Trinidad,FL,81082
"SOWASH OPTOMETRY GROUP, P.C.",20146000560,2025-01-08,01/08/2026,700 Colorado Blvd #274,,Denver,CO,80206
SPECIAL NEEDS NETWORK,20216001301,2024-12-02,12/02/2025,6612  Fig Street,B103,Arvada,CO,80004
"SPECIALIZED MEDICAL SERVICES, INC.",20166000025,2025-01-16,01/16/2026,7340 South Alton Way,,Centennial,CO,80112
"SPINE, PAIN & REHABILITATION CENTER OF COLORA",20206000493,2025-06-29,06/29/2026,2480 S. Downing St,210,Denver,CO,80210
"STATESERV MEDICAL OF COLORADO, LLC DBA DRAGONFLY HEALTH",20186000696,2025-07-30,07/30/2026,920 Ford Street,Suite A,Colorado Springs,CO,85210
"STATESERV MEDICAL OF COLORADO, LLC DBA DRAGONFLY HEALTH",20186000697,2025-07-22,07/22/2026,2899 Santa Fe Drive,Suite B,Englewood,CO,80110
"STATESERV MEDICAL OF COLORADO, LLC DBA DRAGONFLY HEALTH",20196000692,2025-07-03,07/03/2026,711 South Sherman Street,,Longmont,CO,80501
SUNMED MEDICAL SYSTEMS LLC,20246000056,2025-01-16,01/16/2026,36 W Route 70,Ste 214,Marlton,NJ,08053
"TENDER CARE PEDIATRIC SERVICES, INC DBA-TENDER CARE MEDICAL SUPPLY",20146000503,2024-12-20,12/20/2025,5677 Boeing Drive,,Loveland,CO,80538
ASCENT HEALTH SERVICES LLC,20186001057,2025-11-21,11/21/2026,1611 Alma,Office 1,Pueblo,CO,81004
"THE MEDCOM GROUP, LTD.",20146000558,2024-12-31,12/31/2025,541 East Garden Drive,Unit Q,Windsor,CO,80550
WALGREENS #10704,20156000759,2025-08-28,08/28/2026,8959 E Dry Creek Rd,,Centennial,CO,80112
TRACEY'S BOUTIQUE,20196000501,2025-07-14,07/14/2026,7862 N Academy Blvd,,Colorado Springs,CO,80920
A PLUS MEDICAL SUPPLY LLC,20236001178,2025-11-22,11/22/2026,13780 E Rice Pl Ste 100,,Aurora,CO,80015
UCHEALTH PHARMACY - MEMORIAL HOSPITAL CENTRAL,20206001328,2025-01-29,01/29/2026,1400 E Boulder Street,Room 1160,Colorado Springs,CO,80909
UCHEALTH PHARMACY - MEMORIAL HOSPITAL NORTH,20206001312,2025-01-15,01/15/2026,4050 Briargate Parkway Room C1318,,Colorado Springs,CO,80920
ULTIMATE HEALTH MEDICAL CLINIC INC.,20206000500,2025-05-29,05/29/2026,7735 W Long Dr.,Suite 12,Littleton,CO,80123
UNITED SEATING AND MOBILITY DBA NUMOTION,20146000620,2025-01-12,01/12/2026,13450 Smith Rd Ste 600A,,Aurora,CO,80011-2045
UNIVERSALMED SUPPLY,20156000224,2025-02-17,02/17/2026,7625 W 5th Avenue,204N,Lakewood,CO,80226
"FRONTIER ACCESS & MOBILITY SYSTEMS, INC",20216000979,2025-08-27,08/27/2026,819 E. Mulberry St.,,FORT COLLINS,CO,80524
VERUS HEALTHCARE LLC,20146000502,2024-12-18,12/18/2025,1569 Mallory Lane,Building 100,Brentwood,TN,37027-2872
"VETERANS ADVANTAGE MEDICAL EQUIPMENT, LLC.",20246000063,2025-01-17,01/17/2026,"1019 N. Erie Avenue, Bldg #5",,Pueblo,CO,81001
"VETERANS CHOICE MEDICAL EQUIPMENT, LLC",20176000454,2025-06-14,06/14/2026,3265 S Wadsworth Blvd,"Bldg 2, Unit J",Lakewood,CO,80227
"VETERANS CHOICE MEDICAL EQUIPMENT, LLC",20176000455,2025-06-14,06/14/2026,4740 Forge Rd,Suite 100 & 102,Colorado Springs,CO,80907
MEDSOURCE LLC,20176001145,2025-11-23,11/23/2026,75 PRINTERS PARKWAY,STE 150,COLORADO SPRINGS,CO,80910
FORT COLLINS MEDICAL SUPPLIES,20256001420,2025-11-17,11/17/2026,140 Boardwalk Dr Unit A Ste A,,Fort Collins,CO,80525
"VETERANS CHOICE MEDICAL EQUIPMENT, LLC",20176000457,2025-06-14,06/14/2026,90 E 1st St Unit 3,,Craig,CO,81625
"VETERANS CHOICE MEDICAL EQUIPMENT, LLC",20176000459,2025-06-14,06/14/2026,"177 Craft Dr., Suite 104",,Alamosa,CO,81101
"VETERANS CHOICE MEDICAL EQUIPMENT, LLC",20176000460,2025-06-14,06/14/2026,9540 E Jewell Ave,,Denver,CO,80247
"VETERANS CHOICE MEDICAL EQUIPMENT, LLC",20176000461,2025-06-14,06/14/2026,960 W 124th Ave,Suite 300,Westminster,CO,80234
"VETERANS CHOICE MEDICAL EQUIPMENT, LLC",20176000462,2025-06-14,06/14/2026,225 N Lemay Ave,Suite 3,Fort Collins,CO,80524
"VETERANS CHOICE MEDICAL EQUIPMENT, LLC",20176000463,2025-06-14,06/14/2026,4715 Town Center Dr,Suite A & B,Colorado Springs,CO,80916
"VETERANS CHOICE MEDICAL EQUIPMENT, LLC",20176000466,2025-06-14,06/14/2026,1410 Valley View Dr,Suite 306,Delta,CO,81416
"VETERANS CHOICE MEDICAL EQUIPMENT, LLC",20176000467,2025-06-14,06/14/2026,515 E. Burlington Avenue,Suite B,Fort Morgan,CO,80701
WALGREENS #12422,20156000778,2025-08-28,08/28/2026,15310 E 104th Ave,,Commerce City,IL,80022
"VETERANS CHOICE MEDICAL EQUIPMENT, LLC",20256000158,2025-02-04,02/04/2026,161 E Plum St,,Trinidad,CO,81082
APRIA HEALTHCARE LLC,20166001134,2025-11-08,11/08/2026,1014 N Butler Avenue,,Farmington,NM,87401
"HOME MEDICAL SUPPLIES, INC.",20156000026,2025-11-23,11/23/2026,8600 Park Meadows Drive,Suite 50,Lone Tree,CO,80124
"VETERANS CHOICE MEDICAL EQUIPMENT, LLC.",20246000064,2025-01-17,01/17/2026,"1019 N. Erie Avenue, Bldg #5",,Pueblo,CO,81001
WAL-MART INC.,20156000174,2025-02-05,02/05/2026,702 SW 8TH STREET MS 0500,,Bentonville,AR,72716-0500
"WAL-MART STORES EAST, LP",20156000175,2025-02-06,02/06/2026,702 SW 8th St MS 0500,,Bentonville,AR,72716
QUALITY CARE PHARMACY,20246000998,2025-08-29,08/29/2026,2044 CLINTON ST UNIT B,,AURORA,CO,80010
ORTHOTEK INC,20256001078,2025-08-25,08/25/2026,9379 Swanson Blvd,Suite C,Des Moines,IA,50325
WALGREENS #12100,20156000776,2025-08-28,08/28/2026,7930 Wadworth Blvd,,Arvada,IL,80003
WALGREENS #12864,20156000783,2025-08-27,08/27/2026,490 Erie Pkwy,,Erie,IL,80516
WALGREENS #21454,20156000784,2025-08-28,08/28/2026,4745 Arapahoe Ave,Suite 140,Boulder,IL,80303
WALGREENS #11263,20156000765,2025-08-28,08/28/2026,2600 11th Avenue,,Greeley,IL,80631
WALGREENS #13968,20156000787,2025-08-27,08/27/2026,7551 West Alameda Avenue,,Lakewood,IL,80226
WALGREENS #11862,20156000772,2025-08-28,08/28/2026,743 S Lemay Avenue,,Fort Collins,CO,80524
WALGREENS #12423,20156000779,2025-08-28,08/28/2026,123 E Belleview Ave,,Englewood,IL,80113
WALGREENS #13148,20156000786,2025-08-27,08/27/2026,16950 E Smoky Hill Rd,,Centennial,IL,80015
WALGREENS #10370,20156000754,2025-08-28,08/28/2026,1671 E Mian St,,Cortez,CO,81321
WALGREENS #11615,20156000770,2025-08-28,08/28/2026,24250 E Smoky Hill Road,,Aurora,CO,80016
WALGREENS #12366,20156000777,2025-08-28,08/28/2026,360 W Colorado Blvd,,Glendale,IL,80246
WALGREENS #10601,20156000758,2025-08-28,08/28/2026,2268 East Harmony Road,,Fort Collins,CO,80528
WALGREENS SPECIALTY PHARMACY #13100,20156000785,2025-08-28,08/28/2026,1601 E 19th Ave Ste 4650,,Denver,IL,80218
WALGREENS #11327,20156000767,2025-08-28,08/28/2026,450 Ken Pratt Blvd,,Longmont,CO,80501
WALGREENS #12683,20156000780,2025-08-28,08/28/2026,2870 28th St,,Boulder,IL,80301
WALGREENS #11864,20156000774,2025-08-28,08/28/2026,4315 Centennial Blvd,,Colorado Springs,IL,80907
WALGREENS #11187,20156000762,2025-08-28,08/28/2026,316 W Aspen Ave,,Fruita,CO,81521
SKY MEDICAL SUPPLIES LLC,20216001149,2025-10-20,10/20/2026,"8210 Northfield Blvd, unit 1250",8340 Northfield  Blvd.,Denver,CO,80238
"ROTH MEDICAL, INC. DBA: ROTH MEDICAL",20246001273,2025-10-24,10/24/2026,109 W. Lee Avenue,Suite 8,Lamar,CO,81052
AMBER SPECIALTY PHARMACY,20226001094,2025-10-20,10/20/2026,10004 S 152nd St,Suite A,Omaha,NE,68138
APRIA HEALTHCARE LLC,20146000481,2024-12-16,12/16/2025,385 S Pierce Ave Suite A,,Louisville,AZ,80027
"PHYSICIAN'S CHOICE MEDICAL, LLC DBA INDEPENDENT HOME MEDICAL EQUIPMENT",20156000191,2025-11-25,11/25/2026,4921 N. Elizabeth St.,,Pueblo,CO,81008
"MEDLINE INDUSTRIES, LP",20156000827,2025-09-04,09/04/2026,21111 E 36th Drive,,Aurora,CO,80011
DME EXPERT SOLUTIONS LLC,20256001116,2025-09-03,09/03/2026,2020 N Academy BLVD Ste 256,,Colorado Springs,CO,80909
GRACE MEDICAL SUPPLIES,20156000550,2025-09-11,09/11/2026,"3191 s vaughn way, Suite 101, Suite 101",Suite 101,Aurora,CO,80014
ORTHOPAEDIC & SPINE CENTER OF THE ROCKIES PC,20156000327,2025-09-09,09/09/2026,2500 E Prospect Road,,Fort Collins,CO,80525
"VETERANS CHOICE MEDICAL EQUIPMENT, LLC.",20246001098,2025-09-11,09/11/2026,"582 N. Commercial Drive, Unit A",,Grand Junction,CO,81505
RELIABLE MEDICAL SUPPLY,20256001140,2025-09-10,09/10/2026,10800 E Bethany Dr,Ste 105,Aurora,CO,80014
"G & G MEDICAL, INC. DBA: G & G MEDICAL",20246001097,2025-09-11,09/11/2026,"582 N. Commercial Drive, Unit A",,Grand Junction,CO,81505
GOLDIN PHARMACY AND MEDICAL SUPPLY,20166000158,2025-11-29,11/29/2026,"909 S. Oneida, suite 11",,Denver,CO,80224
"WMK, LLC DBA MOBILITYWORKS",20196000929,2025-09-20,09/20/2026,1640 S. Abilene Street,,Aurora,CO,80012
HIGH COUNTRY GAS & SUPPLY,20256001167,2025-09-16,09/16/2026,1039 Pitkin Avenue,,Grand Junction,CO,81501-3636
"COMED VENTURES, LLC (DBA UNIFY HEALTH MEDICAL SUPPLY)",20196000790,2025-09-21,09/21/2026,1007 S Federal Blvd,,Denver,CO,80219
SOUNDVIEW MEDICAL SUPPLY LLC,20186000902,2025-09-20,09/20/2026,809 9th St,,Greeley,CO,80631
DNA PHARMACY AND MEDICAL SUPPLY,20256001169,2025-09-16,09/16/2026,2741 S COLORADO BLVD,,Denver,CO,80222
DENTAL SLEEP APNEA AND SNORING,20226000996,2025-09-15,09/15/2026,5411 Sunstone Lane,,Castle Rock,CO,80108
WALGREEN CO. DBA WALGREENS #17003,20176000901,2025-09-22,09/22/2026,1013 11th St,,GREELEY,IL,80631
WALGREENS #16022,20156000915,2025-09-25,09/25/2026,1111 BROADWAY,,BOULDER,IL,80302
WALGREEN CO. DBA WALGREENS #18340,20176000900,2025-09-22,09/22/2026,1103 WEST PROSPECT STREET,,FORT COLLINS,IL,80526
WALGREENS #18391,20176000895,2025-09-22,09/22/2026,2870 S COLORADO BLVD,,DENVER,IL,80222
U-MED INC.,20156000880,2025-09-25,09/25/2026,3609 S Wadsworth Blvd,Suite 140,Lakewood,CO,80235
WALGREEN CO. DBA WALGREENS #18163,20176000902,2025-09-22,09/22/2026,1412 GRAND AVE,,GLENWOOD SPRINGS,IL,81601
WALGREEN CO. D/B/A WALGREENS #19103,20176000899,2025-09-22,09/22/2026,4800 BASELINE RD,,BOULDER,IL,80303
WALGREEN CO. DBA WALGREENS #19273,20176000904,2025-09-22,09/22/2026,28 TOWN PLZ,,DURANGO,IL,81301
"WP&H, LLC",20206000995,2025-09-29,09/29/2026,1039 Elkton Drive,,Colorado Springs,CO,80907
ALPINAIRE HEALTHCARE,20156000295,2025-10-02,10/02/2026,1915 Airport Rd #101,,Breckenridge,CO,80424
MOBILITY PLUS COLORADO SPRINGS,20256001250,2025-10-03,10/03/2026,4639 Kashmire Dr,,Colorado Springs,CO,80906
HANS MEDICAL SUPPLY INC,20156000431,2025-10-03,10/03/2026,911 S HAVANA ST,#F,AURORA,CO,80012
"BYRAM HEALTHCARE CENTERS, INC",20166000995,2025-09-29,09/29/2026,3973 S. State Street,,S Salt Lake,UT,84115
"WR SPECIALISTS, LLC",20256001218,2025-09-30,09/30/2026,251 Jackson Plaza,STE A2,Ann Arbor,MI,48103
"BYRAM HEALTHCARE CENTERS, INC.",20156000904,2025-09-29,09/29/2026,1111 W. Evans Ave.,Unit A,Denver,CO,80223-4054
"WE CARE MEDICAL SUPPLY AND EQUIPMENT, LLC",20246001211,2025-10-09,10/09/2026,11409 business Park Cir,Ste 220,Firestone,CO,80504
"ENTRAMED, INC. DBA SENTIDO HEALTH",20246001209,2025-10-09,10/09/2026,685 Citadel Drive East,Suite 530,Colorado Springs,CO,80909
2ND HOME MEDICAL SUPPLIES LLC,20216001076,2025-10-08,10/08/2026,10770 E ILIFF AVE,,Aurora,CO,80014
APRIA HEALTHCARE LLC,20146000475,2024-12-15,12/15/2025,7367 S Revere Pkwy Suite 2C,,Centennial,AZ,80112
"RAPID MEDICAL, LLC",20156001237,2025-10-17,10/17/2026,950 Eagleridge Blvd,,Pueblo,CO,81008
FORTUNE CUSTOMER WHEELCHAIR AND MEDICAL SUPPLY,20256001111,2025-09-02,09/02/2026,6690 S Pinyne Creek Circle,,Centennial,CO,80116
"NOCTRIX HEALTH, INC.",20256001297,2025-10-17,10/17/2026,333 West Hampden Avenue,Suite 350,Englewood,CO,80110
TENS UNLIMITED LLC,20156000907,2025-10-13,10/13/2026,5145 N ACADEMY BLVD STE 110,,COLORADO SPRINGS,CO,80918-4049
WALGREENS SPECIALTY PHARMACY #16516,20166001054,2025-10-19,10/19/2026,2608 E. Colfax Avenue,,Denver,IL,80206
WALGREENS SPECIALTY PHARMACY #16531,20166001056,2025-10-19,10/19/2026,15 N. Union Blvd.,Suite 120,Colorado Springs,IL,80909
APRIA HEALTHCARE LLC,20146000476,2024-12-15,12/15/2025,6325 Corporate Dr,,Colorado Springs,AZ,80919
APRIA HEALTHCARE LLC,20146000479,2024-12-16,12/16/2025,"5365 South Alkire Circle, Suite 100",,Littleton,AZ,80127
"BETTER LIVING NOW, INC.",20236001050,2025-10-20,10/20/2026,"400 Oser Avenue, Suite #1950",,Hauppauge,NY,11788
"VETERANS CHOICE MEDICAL EQUIPMENT, LLC.",20246001274,2025-10-24,10/24/2026,109 W. Lee Avenue,Suite 8,Lamar,CO,81052
WELLNESS MED SUPPLIES LLC,20236001209,2024-12-11,12/11/2025,2020 N Academy blvd,suite 265,Colorado Springs,CO,80909
WESTPEAK MOBILITY LLC,20176000321,2025-04-27,04/27/2026,903 E Filmore St,,Colorado Springs,CO,80907
WISDOM MEDICAL INC/SUPPLY,20256000754,2025-07-10,07/10/2026,2620 S PARKER ROAD SUITE,,AURORA,CO,80014
WORLDWIDE MEDICAL SUPPLY,20206000136,2025-03-03,03/03/2026,"10890 E.Dartmouth Ave unit I, H",,Denver,CO,80014
APRIA HEALTHCARE LLC,20146000482,2024-12-16,12/16/2025,860 Osage Street,,Sidney,AZ,69162
"ZYNEX MEDICAL, INC.",20156000132,2025-05-02,05/02/2026,9655 Maroon Circle,,ENGLEWOOD,CO,80112
VALLEY HOME MEDICAL,20156000611,2025-08-14,08/14/2026,395 S Vernal Ave,,Vernal,UT,840478
FOUNDERS RX LLC,20236000835,2025-08-08,08/08/2026,4162 E. Bijou street,,COLORADO SPRINGS,CO,80909
ENTECH MEDICAL CORPORATON,20226000888,2025-08-10,08/10/2026,Entech Medical,1910 D St,La Verne,CA,91750
CHERRY MEDICAL SUPPLY,20256001016,2025-08-08,08/08/2026,1842 S. Parker Rd,,Denver,CO,80231
ROTECH,20156000614,2025-08-14,08/14/2026,4010 Quartz Drive,Unit A,Cheyenne,WY,82007
PINNACLE MEDICAL SUPPLIES LLC,20256001017,2025-08-08,08/08/2026,14261 E 4TH AVE,Bldg 6-160,AURORA,CO,80011
TOLSMA STOCKWELL PROSTHETICS,20246000802,2025-08-08,08/08/2026,"384 E GARDEN OF THE GODS RD, STE 140",,COLORADO SPRINGS,CO,80907
"MANN METHOD PT AND FITNESS, PLLC",20216000919,2025-08-12,08/12/2026,13825 W. 85th Drive,Suite 200,ARVADA,CO,80005
"VETERANS CHOICE MEDICAL EQUIPMENT, LLC",20226000889,2025-08-10,08/10/2026,"7352 Greenridge Road, Unit A6 & A7",,Windsor,CO,80550
MOUNTAIN VIEW PAIN SPECIALISTS,20216000964,2025-08-11,08/11/2026,5445 DTC Pkwy Ste 1130,,Greenwood Village,CO,80111
WALGREENS CO,20156000703,2025-08-21,08/21/2026,2190 W Drake Road,,Fort Collins,IL,80526
WALGREENS CO,20156000717,2025-08-21,08/21/2026,3700 W 10th Street,,Greeley,IL,80634
WALGREENS CO,20156000736,2025-08-21,08/21/2026,2900 North Avenue,,Grand Junction,IL,81504
WALGREENS CO,20156000693,2025-08-21,08/21/2026,12700 W 32nd Ave,,Wheat Ridge,CO,80033
WALGREENS #04301,20156000651,2025-08-21,08/21/2026,2975 Federal,,Denver,CO,80211
WALGREENS #04043,20156000650,2025-08-21,08/21/2026,920 N. Circle Dr.,,Colorado Springs,CO,80909
WALGREENS CO,20156000750,2025-08-21,08/21/2026,3510 Evergreen Pkwy,,Evergreen,CO,80439
PORTA-LUNG LLC,20246000798,2025-08-18,08/18/2026,14 Apache Road,,florrisant,AZ,80816
MEDELUX,20256001041,2025-08-18,08/18/2026,"12191 W 64th Ave, Suite 206",,Arvada,CO,80004
WALGREEN CO,20156000664,2025-08-21,08/21/2026,19028 Lincoln Ave,,Parker,CO,80134
WALGREENS CO,20156000740,2025-08-21,08/21/2026,1203 MAIN ST,,ALAMOSA,CO,81101
WALGREENS CO,20156000716,2025-08-21,08/21/2026,7392 Mclaughlin Rd,,Falcon,IL,80831
WALGREENS CO,20156000714,2025-08-21,08/21/2026,13611 Colorado Blvd,,Thorton,IL,80602
WALGREENS #01306,20156000626,2025-08-21,08/21/2026,11605 W BELLEVIEW AVE,,LITTLETON,CO,80127
WALGREENS CO,20156000678,2025-08-21,08/21/2026,1013 Bonforte Blvd,,Pueblo,CO,81001
WALGREENS #03489,20156000637,2025-08-21,08/21/2026,9390 S University Blvd,,Highlands Ranch,CO,80126
WALGREENS #02641,20156000630,2025-08-21,08/21/2026,4175 E Wildcat Reserve Pkwy,,Highlands Ranch,CO,80126
WALGREENS #03499,20156000638,2025-08-21,08/21/2026,11602 W 64th Ave,,Arvada,CO,80004
WALGREENS CO,20156000700,2025-08-21,08/21/2026,13143 S Parker Rd,,Parker,IL,80134
WALGREENS CO,20156000711,2025-08-21,08/21/2026,1770 Hover Street,,Longmont,IL,80501
WALGREENS CO,20156000683,2025-08-21,08/21/2026,1600 E Coalton Rd,,Broomfield,CO,80027
WALGREENS SPECIALTY PHARMACY #16569,20176000480,2025-07-17,07/17/2026,10103 Ridgegate Parkway,Suite 117,Lone Tree,IL,80124
WALGREEN CO,20156000665,2025-08-21,08/21/2026,8705 Lexington Dr,,Colorado Springs,CO,80920
WALGREEN CO,20156000668,2025-08-21,08/21/2026,6011 Rangewood Drive,,Colorado Springs,CO,80918
WALGREENS CO,20156000719,2025-08-21,08/21/2026,5962 Firestone Blvd,,Firestone,IL,80504
WALGREENS #03914,20156000648,2025-08-21,08/21/2026,5755 Constitution Ave,,Colorad Springs,CO,80915
WALGREENS CO,20156000676,2025-08-21,08/21/2026,309 N US Highway 287,,Lafayette,CO,80026
WALGREENS CO,20156000705,2025-08-21,08/21/2026,1480 Main Street,,Windsor,IL,80550
WALGREENS #03586,20156000644,2025-08-21,08/21/2026,3480 N Academy Blvd,,Colorado Springs,CO,80917
WALGREENS CO,20156000709,2025-08-21,08/21/2026,625 N 19th St,,Colorado Springs,IL,80904
WALGREENS CO,20156000707,2025-08-21,08/21/2026,16440 East Arapahoe Rd,,Foxfield,IL,80016
WALGREEN CO,20156000673,2025-08-21,08/21/2026,303 S Circle Dr,,Colorado Springs,CO,80910
WALGREENS #04366,20156000653,2025-08-21,08/21/2026,4401 Wadworth Blvd.,,Wheat Ridge,CO,80033
WALGREEN CO,20156000663,2025-08-21,08/21/2026,9141 W. Broadway,,Highlands Ranch,CO,80129
WALGREENS CO,20156000677,2025-08-21,08/21/2026,10390 Federal Blvd,,Federal Heights,IL,80260
WALGREENS CO,20156000681,2025-08-21,08/21/2026,1821 East Bridge St,,Brighton,CO,80601
WALGREENS CO,20156000680,2025-08-21,08/21/2026,3690 N Garfield Ave,,Loveland,CO,80538
WALGREENS CO,20156000734,2025-08-21,08/21/2026,1855 Southgate Rd,,Colorado Springs,IL,80906
WALGREENS CO,20156000721,2025-08-21,08/21/2026,1609 Fremont Dr,,Canon City,IL,81212
WALGREENS CO,20156000764,2025-08-21,08/21/2026,101 W MAIN ST,,Sterling,IL,80751
WALGREENS CO,20156000727,2025-08-21,08/21/2026,1235 E Evans Ave,,Denver,IL,80210
WALGREENS CO,20156000722,2025-08-21,08/21/2026,2351 S Townsend Ave,,Montrose,IL,81401
WALGREENS CO,20156000739,2025-08-21,08/21/2026,10140 W COLFAX AVE,,Lakewood,CO,80215
WALGREENS #04025,20156000649,2025-08-21,08/21/2026,519 W. 120th Ave.,,Westminster,CO,80020
WALGREENS CO,20156000731,2025-08-21,08/21/2026,1041 Main Street,,Longmont,IL,80501
WALGREENS #03190,20156000633,2025-08-21,08/21/2026,1111 S Colorado Blvd,,Denver,CO,80246
WALGREENS CO,20156000748,2025-08-21,08/21/2026,12011 E Iliff Ave,,Aurora,CO,80014
WALGREENS #02086,20156000628,2025-08-21,08/21/2026,3700 35TH AVENUE,,EVANS,CO,80620
WALGREENS #04721,20156000661,2025-08-21,08/21/2026,2900 W Northern Ave,,Pueblo,CO,81005
WALGREENS #03585,20156000643,2025-08-21,08/21/2026,6820 Centennial,,Colorado Springs,CO,80919
WALGREEN CO,20156000672,2025-08-21,08/21/2026,205 E. Eisenhower Blvd,,Loveland,CO,80537
WALGREEN CO,20156000674,2025-08-21,08/21/2026,4351 E 104th Ave,,Thorton,CO,80233
WALGREENS CO,20156000690,2025-08-21,08/21/2026,6390 Mcintyre Pkwy,,Arvada,CO,80403
WALGREENS #04469,20156000655,2025-08-21,08/21/2026,15301 E Mississippi Ave,,Aurora,CO,80017
WALGREENS #03500,20156000639,2025-08-21,08/21/2026,950 S Quebec St,,Denver,CO,80247
WALGREENS CO,20156000732,2025-08-21,08/21/2026,7443 W Chatfield Ave,,Littleton,IL,80128
WALGREENS CO,20156000730,2025-08-21,08/21/2026,570 US Highway 287,,Broomfield,IL,80020
WALGREENS #02843,20156000631,2025-08-21,08/21/2026,120 Broadway,,Denver,CO,80203
WALGREENS #04468,20156000654,2025-08-21,08/21/2026,9970 Wadsworth Pkwy.,,Westminster,CO,80021
WALGREEN CO,20156000671,2025-08-21,08/21/2026,750 E 120th Ave,,Northglenn,CO,80233
WALGREENS CO,20156000702,2025-08-21,08/21/2026,6075 Barnes Road,,Colorado Springs,IL,80922
WALGREENS CO,20156000698,2025-08-21,08/21/2026,18620 E Iliff Ave,,Aurora,IL,80013
WALGREENS #04610,20156000658,2025-08-21,08/21/2026,18461 E Hampden Ave,,Aurora,CO,80013
WALGREENS CO,20156000729,2025-08-21,08/21/2026,958 Hailey Lane,,Pueblo West,IL,81007
WALGREENS CO,20156000735,2025-08-21,08/21/2026,7390 Rangewood Dr,,Colorado Springs,IL,80918
WALGREENS #03091,20156000632,2025-08-21,08/21/2026,8151 South Qubec St,,Centennial,CO,80112
WALGREENS CO,20156000699,2025-08-21,08/21/2026,7910 Fountain Mesa Rd,,Fountain,IL,80817
STRIDE PROSTHETICS LLC,20216000194,2025-08-18,08/18/2026,301 N Main St,Ste 110,Pueblo,CO,81003
WALGREENS #02482,20156000629,2025-08-21,08/21/2026,1830 30th Street,,Boulder,CO,80301
WALGREENS CO,20156000704,2025-08-21,08/21/2026,18550 GREEN VALLEY RANCH BLVD,,Denver,IL,80249
APRIA HEALTHCARE LLC,20156000473,2025-06-09,06/09/2026,2612 NE Industrial Drive,,Kansas City,MO,64117
WALGREENS CO,20156000696,2025-08-21,08/21/2026,355 S Wilcox St,,Castle Rock,CO,80104
WALGREENS SPECIALTY PHARMACY #11255,20156000763,2025-08-21,08/21/2026,4545 E 9th Ave Suite 100,,Denver,CO,80220
WALGREENS CO,20156000728,2025-08-21,08/21/2026,1520 W 4th Street,,Pueblo,IL,81004
WALGREENS CO,20156000685,2025-08-21,08/21/2026,14 E Allen Street,,Castle Rock,CO,80108
WALGREENS #01769,20156000627,2025-08-21,08/21/2026,2000 E COLFAX,,DENVER,CO,80206
WALGREENS #03207,20156000634,2025-08-21,08/21/2026,4001 E. 120th Avenue,,Thorton,CO,80233
WALGREENS CO,20156000708,2025-08-21,08/21/2026,7311 E 29th Drive,,Denver,IL,80238
WALGREENS CO,20156000715,2025-08-21,08/21/2026,6603 Wadsworth Blvd,,Arvada,IL,80003
WALGREENS CO,20156000718,2025-08-21,08/21/2026,1641 23rd Ave,,Greeley,IL,8063444
WALGREENS CO,20156000682,2025-08-21,08/21/2026,2400 E Midway blvd,,Broomfield,CO,80234
WALGREENS CO,20156000692,2025-08-21,08/21/2026,4502 S College Ave,,Fort Collins,CO,80525
WALGREENS CO,20156000694,2025-08-21,08/21/2026,10601 E Alemeda Ave,,Aurora,CO,80012
WALGREENS CO,20156000710,2025-08-21,08/21/2026,7370 Lagae Rd,,Castle Pines,IL,80108
WALGREENS #04709,20156000660,2025-08-21,08/21/2026,280 Main St.,,Colorado Springs,CO,80911
WALGREEN CO,20156000666,2025-08-21,08/21/2026,6650 Timberline Road,,Highlands Ranch,CO,80130
WALGREENS #04470,20156000656,2025-08-21,08/21/2026,20051 E Smoky Hill Rd,,Centennial,CO,80015
WALGREENS #00356,20156000624,2025-08-21,08/21/2026,8011 6th Street,,Denver,CO,80202
WALGREENS #03584,20156000642,2025-08-21,08/21/2026,2921 N Nevada,,Colorado Springs,CO,80907
WALGREENS #03867,20156000647,2025-08-21,08/21/2026,6200 E Colfax,,Denver,CO,80220
WALGREENS CO,20156000745,2025-08-21,08/21/2026,3067 S Sheridan Blvd,,Denver,CO,80227
WALGREENS CO,20156000687,2025-08-21,08/21/2026,10808 W Jewell Ave,,Lakewood,CO,80232
WALGREENS CO,20156000726,2025-08-21,08/21/2026,12880 W Alameda Pkwy,,Lakewood,IL,80228
WALGREENS CO,20156000686,2025-08-21,08/21/2026,7211 Federal Blvd,,Westminster,CO,80030
WALGREENS CO,20156000679,2025-08-21,08/21/2026,6789 W Coal Mine Ave,,Littleton,CO,80123
WALGREENS CO,20156000697,2025-08-21,08/21/2026,191 S. Mccaslin Blvd,,Louisville,IL,80027
WALGREENS #03589,20156000645,2025-08-21,08/21/2026,5870 S. Kipling Parkway,,Littleton,CO,80127
WALGREENS CO,20156000723,2025-08-21,08/21/2026,140 Paradise Circle,,Woodland Park,IL,80863
WALGREEN CO,20156000670,2025-08-21,08/21/2026,1811 W US Hwy 50,,Pueblo,CO,81008
WALGREENS CO,20156000725,2025-08-21,08/21/2026,2614 S College Ave,,Fort Collins,IL,80525
WALGREENS CO,20156000689,2025-08-21,08/21/2026,835 E 17th Ave,,Longmont,CO,80504
WALGREENS CO,20156000706,2025-08-21,08/21/2026,2697 W Belleview Ave,,Littleton,IL,80123
WALGREENS #04894,20156000662,2025-08-21,08/21/2026,8799 Washington Street,,Thorton,CO,80229
WALGREENS CO,20156000724,2025-08-21,08/21/2026,2370 W Eisenhower Blvd,,Loveland,IL,80537
WALGREEN CO,20156000675,2025-08-21,08/21/2026,572 32 Road,,Clifton,CO,81520
WALGREENS CO,20156000741,2025-08-21,08/21/2026,111 E PLATTE AVE,,FORT MORGAN,CO,80701
WALGREENS #03583,20156000641,2025-08-21,08/21/2026,2785 Dublin Blvd,,Colorado Springs,CO,80918
WALGREENS CO,20156000746,2025-08-21,08/21/2026,17222 S Golden Rd,,Golden,CO,80401
"BARBER DME SUPPLY GROUP, LLC",20236000854,2025-08-18,08/18/2026,1510 Chiles Ave,,Fort Carson,CO,80913
BRADEN PARTNERS LP,20156000924,2025-10-20,10/20/2026,3830 Singer Blvd NE,Ste 3000,Albuquerque,PA,87109-9347
APRIA HEALTHCARE LLC,20146000487,2024-12-16,12/16/2025,"287 27 Road, Unit B",,Grand Junction,AZ,81503
